{
  "drive": {
    "p": 0.000023,
    "i": 0.0000002,
    "d": 0.01,
    "f": 0,
    "iz": 0.001
  },
  "angle": {
    "p": 0.00010645,
    "i": 0.0000000002,
    "d": 0,
    "f": 0.001,
    "iz": 0.0001
  }
}